<annotation>
	<folder>color</folder>
	<filename>rgb-00401-16160410585530.jpeg</filename>
	<path>C:\Users\Shi\Documents\AnacondaProjects\depth-labelImg\data\color\rgb-00401-16160410585530.jpeg</path>
	<source>
		<database>Unknown</database>
	</source>
	<size>
		<width>640</width>
		<height>400</height>
		<depth>3</depth>
	</size>
	<segmented>0</segmented>
	<object>
		<name>GreenStrawberry</name>
		<pose>Unspecified</pose>
		<truncated>0</truncated>
		<difficult>0</difficult>
		<bndbox>
			<xmin>276</xmin>
			<ymin>136</ymin>
			<xmax>312</xmax>
			<ymax>183</ymax>
		</bndbox>
	</object>
	<object>
		<name>GreenStrawberry</name>
		<pose>Unspecified</pose>
		<truncated>0</truncated>
		<difficult>0</difficult>
		<bndbox>
			<xmin>288</xmin>
			<ymin>169</ymin>
			<xmax>306</xmax>
			<ymax>190</ymax>
		</bndbox>
	</object>
	<object>
		<name>GreenStrawberry</name>
		<pose>Unspecified</pose>
		<truncated>0</truncated>
		<difficult>0</difficult>
		<bndbox>
			<xmin>271</xmin>
			<ymin>180</ymin>
			<xmax>291</xmax>
			<ymax>205</ymax>
		</bndbox>
	</object>
	<object>
		<name>GreenStrawberry</name>
		<pose>Unspecified</pose>
		<truncated>0</truncated>
		<difficult>0</difficult>
		<bndbox>
			<xmin>245</xmin>
			<ymin>188</ymin>
			<xmax>263</xmax>
			<ymax>209</ymax>
		</bndbox>
	</object>
	<object>
		<name>MatureStrawberry</name>
		<pose>Unspecified</pose>
		<truncated>0</truncated>
		<difficult>0</difficult>
		<bndbox>
			<xmin>234</xmin>
			<ymin>140</ymin>
			<xmax>272</xmax>
			<ymax>193</ymax>
		</bndbox>
	</object>
	<object>
		<name>GreenStrawberry</name>
		<pose>Unspecified</pose>
		<truncated>0</truncated>
		<difficult>0</difficult>
		<bndbox>
			<xmin>206</xmin>
			<ymin>155</ymin>
			<xmax>233</xmax>
			<ymax>190</ymax>
		</bndbox>
	</object>
	<object>
		<name>MatureStrawberry</name>
		<pose>Unspecified</pose>
		<truncated>0</truncated>
		<difficult>0</difficult>
		<bndbox>
			<xmin>30</xmin>
			<ymin>160</ymin>
			<xmax>58</xmax>
			<ymax>194</ymax>
		</bndbox>
	</object>
</annotation>
