<annotation>
	<folder>color</folder>
	<filename>rgb-00327-16160401367183.jpeg</filename>
	<path>C:\Users\Shi\Documents\AnacondaProjects\depth-labelImg\data\color\rgb-00327-16160401367183.jpeg</path>
	<source>
		<database>Unknown</database>
	</source>
	<size>
		<width>640</width>
		<height>400</height>
		<depth>3</depth>
	</size>
	<segmented>0</segmented>
	<object>
		<name>MatureStrawberry</name>
		<pose>Unspecified</pose>
		<truncated>0</truncated>
		<difficult>0</difficult>
		<bndbox>
			<xmin>57</xmin>
			<ymin>171</ymin>
			<xmax>90</xmax>
			<ymax>218</ymax>
		</bndbox>
	</object>
	<object>
		<name>MatureStrawberry</name>
		<pose>Unspecified</pose>
		<truncated>0</truncated>
		<difficult>0</difficult>
		<bndbox>
			<xmin>84</xmin>
			<ymin>168</ymin>
			<xmax>120</xmax>
			<ymax>230</ymax>
		</bndbox>
	</object>
	<object>
		<name>GreenStrawberry</name>
		<pose>Unspecified</pose>
		<truncated>0</truncated>
		<difficult>0</difficult>
		<bndbox>
			<xmin>335</xmin>
			<ymin>257</ymin>
			<xmax>354</xmax>
			<ymax>290</ymax>
		</bndbox>
	</object>
	<object>
		<name>GreenStrawberry</name>
		<pose>Unspecified</pose>
		<truncated>0</truncated>
		<difficult>0</difficult>
		<bndbox>
			<xmin>340</xmin>
			<ymin>264</ymin>
			<xmax>366</xmax>
			<ymax>306</ymax>
		</bndbox>
	</object>
	<object>
		<name>GreenStrawberry</name>
		<pose>Unspecified</pose>
		<truncated>0</truncated>
		<difficult>0</difficult>
		<bndbox>
			<xmin>372</xmin>
			<ymin>276</ymin>
			<xmax>391</xmax>
			<ymax>301</ymax>
		</bndbox>
	</object>
	<object>
		<name>GreenStrawberry</name>
		<pose>Unspecified</pose>
		<truncated>0</truncated>
		<difficult>0</difficult>
		<bndbox>
			<xmin>399</xmin>
			<ymin>263</ymin>
			<xmax>413</xmax>
			<ymax>280</ymax>
		</bndbox>
	</object>
	<object>
		<name>MatureStrawberry</name>
		<pose>Unspecified</pose>
		<truncated>0</truncated>
		<difficult>0</difficult>
		<bndbox>
			<xmin>339</xmin>
			<ymin>292</ymin>
			<xmax>374</xmax>
			<ymax>342</ymax>
		</bndbox>
	</object>
	<object>
		<name>GreenStrawberry</name>
		<pose>Unspecified</pose>
		<truncated>0</truncated>
		<difficult>0</difficult>
		<bndbox>
			<xmin>350</xmin>
			<ymin>310</ymin>
			<xmax>363</xmax>
			<ymax>338</ymax>
		</bndbox>
	</object>
	<object>
		<name>MatureStrawberry</name>
		<pose>Unspecified</pose>
		<truncated>0</truncated>
		<difficult>0</difficult>
		<bndbox>
			<xmin>115</xmin>
			<ymin>207</ymin>
			<xmax>140</xmax>
			<ymax>231</ymax>
		</bndbox>
	</object>
	<object>
		<name>MatureStrawberry</name>
		<pose>Unspecified</pose>
		<truncated>0</truncated>
		<difficult>0</difficult>
		<bndbox>
			<xmin>111</xmin>
			<ymin>221</ymin>
			<xmax>130</xmax>
			<ymax>249</ymax>
		</bndbox>
	</object>
	<object>
		<name>MatureStrawberry</name>
		<pose>Unspecified</pose>
		<truncated>0</truncated>
		<difficult>0</difficult>
		<bndbox>
			<xmin>601</xmin>
			<ymin>236</ymin>
			<xmax>635</xmax>
			<ymax>278</ymax>
		</bndbox>
	</object>
	<object>
		<name>MatureStrawberry</name>
		<pose>Unspecified</pose>
		<truncated>0</truncated>
		<difficult>0</difficult>
		<bndbox>
			<xmin>527</xmin>
			<ymin>152</ymin>
			<xmax>564</xmax>
			<ymax>212</ymax>
		</bndbox>
	</object>
	<object>
		<name>MatureStrawberry</name>
		<pose>Unspecified</pose>
		<truncated>1</truncated>
		<difficult>0</difficult>
		<bndbox>
			<xmin>621</xmin>
			<ymin>266</ymin>
			<xmax>640</xmax>
			<ymax>303</ymax>
		</bndbox>
	</object>
</annotation>
