<annotation>
	<folder>color</folder>
	<filename>rgb-00172-16160377219427.jpeg</filename>
	<path>C:\Users\Shi\Documents\AnacondaProjects\depth-labelImg\data\color\rgb-00172-16160377219427.jpeg</path>
	<source>
		<database>Unknown</database>
	</source>
	<size>
		<width>640</width>
		<height>400</height>
		<depth>3</depth>
	</size>
	<segmented>0</segmented>
	<object>
		<name>GreenStrawberry</name>
		<pose>Unspecified</pose>
		<truncated>0</truncated>
		<difficult>0</difficult>
		<bndbox>
			<xmin>2</xmin>
			<ymin>212</ymin>
			<xmax>28</xmax>
			<ymax>242</ymax>
		</bndbox>
	</object>
	<object>
		<name>GreenStrawberry</name>
		<pose>Unspecified</pose>
		<truncated>0</truncated>
		<difficult>0</difficult>
		<bndbox>
			<xmin>60</xmin>
			<ymin>217</ymin>
			<xmax>86</xmax>
			<ymax>249</ymax>
		</bndbox>
	</object>
	<object>
		<name>MatureStrawberry</name>
		<pose>Unspecified</pose>
		<truncated>0</truncated>
		<difficult>0</difficult>
		<bndbox>
			<xmin>400</xmin>
			<ymin>136</ymin>
			<xmax>433</xmax>
			<ymax>182</ymax>
		</bndbox>
	</object>
	<object>
		<name>GreenStrawberry</name>
		<pose>Unspecified</pose>
		<truncated>0</truncated>
		<difficult>0</difficult>
		<bndbox>
			<xmin>429</xmin>
			<ymin>142</ymin>
			<xmax>464</xmax>
			<ymax>185</ymax>
		</bndbox>
	</object>
	<object>
		<name>GreenStrawberry</name>
		<pose>Unspecified</pose>
		<truncated>0</truncated>
		<difficult>0</difficult>
		<bndbox>
			<xmin>537</xmin>
			<ymin>12</ymin>
			<xmax>571</xmax>
			<ymax>40</ymax>
		</bndbox>
	</object>
</annotation>
