<annotation>
	<folder>color</folder>
	<filename>rgb-00293-16160395265576.jpeg</filename>
	<path>C:\Users\Shi\Documents\AnacondaProjects\depth-labelImg\data\color\rgb-00293-16160395265576.jpeg</path>
	<source>
		<database>Unknown</database>
	</source>
	<size>
		<width>640</width>
		<height>400</height>
		<depth>3</depth>
	</size>
	<segmented>0</segmented>
	<object>
		<name>GreenStrawberry</name>
		<pose>Unspecified</pose>
		<truncated>0</truncated>
		<difficult>0</difficult>
		<bndbox>
			<xmin>459</xmin>
			<ymin>95</ymin>
			<xmax>495</xmax>
			<ymax>149</ymax>
		</bndbox>
	</object>
	<object>
		<name>GreenStrawberry</name>
		<pose>Unspecified</pose>
		<truncated>1</truncated>
		<difficult>0</difficult>
		<bndbox>
			<xmin>608</xmin>
			<ymin>218</ymin>
			<xmax>640</xmax>
			<ymax>279</ymax>
		</bndbox>
	</object>
	<object>
		<name>GreenStrawberry</name>
		<pose>Unspecified</pose>
		<truncated>0</truncated>
		<difficult>0</difficult>
		<bndbox>
			<xmin>364</xmin>
			<ymin>168</ymin>
			<xmax>402</xmax>
			<ymax>228</ymax>
		</bndbox>
	</object>
	<object>
		<name>GreenStrawberry</name>
		<pose>Unspecified</pose>
		<truncated>0</truncated>
		<difficult>0</difficult>
		<bndbox>
			<xmin>350</xmin>
			<ymin>107</ymin>
			<xmax>379</xmax>
			<ymax>142</ymax>
		</bndbox>
	</object>
	<object>
		<name>GreenStrawberry</name>
		<pose>Unspecified</pose>
		<truncated>0</truncated>
		<difficult>0</difficult>
		<bndbox>
			<xmin>333</xmin>
			<ymin>118</ymin>
			<xmax>371</xmax>
			<ymax>171</ymax>
		</bndbox>
	</object>
	<object>
		<name>MatureStrawberry</name>
		<pose>Unspecified</pose>
		<truncated>0</truncated>
		<difficult>0</difficult>
		<bndbox>
			<xmin>478</xmin>
			<ymin>47</ymin>
			<xmax>532</xmax>
			<ymax>136</ymax>
		</bndbox>
	</object>
	<object>
		<name>MatureStrawberry</name>
		<pose>Unspecified</pose>
		<truncated>0</truncated>
		<difficult>0</difficult>
		<bndbox>
			<xmin>504</xmin>
			<ymin>251</ymin>
			<xmax>544</xmax>
			<ymax>304</ymax>
		</bndbox>
	</object>
	<object>
		<name>MatureStrawberry</name>
		<pose>Unspecified</pose>
		<truncated>0</truncated>
		<difficult>0</difficult>
		<bndbox>
			<xmin>369</xmin>
			<ymin>117</ymin>
			<xmax>413</xmax>
			<ymax>180</ymax>
		</bndbox>
	</object>
	<object>
		<name>MatureStrawberry</name>
		<pose>Unspecified</pose>
		<truncated>0</truncated>
		<difficult>0</difficult>
		<bndbox>
			<xmin>321</xmin>
			<ymin>169</ymin>
			<xmax>363</xmax>
			<ymax>230</ymax>
		</bndbox>
	</object>
	<object>
		<name>GreenStrawberry</name>
		<pose>Unspecified</pose>
		<truncated>0</truncated>
		<difficult>0</difficult>
		<bndbox>
			<xmin>282</xmin>
			<ymin>198</ymin>
			<xmax>310</xmax>
			<ymax>228</ymax>
		</bndbox>
	</object>
	<object>
		<name>MatureStrawberry</name>
		<pose>Unspecified</pose>
		<truncated>0</truncated>
		<difficult>0</difficult>
		<bndbox>
			<xmin>117</xmin>
			<ymin>102</ymin>
			<xmax>152</xmax>
			<ymax>155</ymax>
		</bndbox>
	</object>
	<object>
		<name>MatureStrawberry</name>
		<pose>Unspecified</pose>
		<truncated>0</truncated>
		<difficult>0</difficult>
		<bndbox>
			<xmin>27</xmin>
			<ymin>176</ymin>
			<xmax>57</xmax>
			<ymax>227</ymax>
		</bndbox>
	</object>
	<object>
		<name>MatureStrawberry</name>
		<pose>Unspecified</pose>
		<truncated>0</truncated>
		<difficult>0</difficult>
		<bndbox>
			<xmin>44</xmin>
			<ymin>235</ymin>
			<xmax>67</xmax>
			<ymax>268</ymax>
		</bndbox>
	</object>
	<object>
		<name>MatureStrawberry</name>
		<pose>Unspecified</pose>
		<truncated>0</truncated>
		<difficult>0</difficult>
		<bndbox>
			<xmin>3</xmin>
			<ymin>144</ymin>
			<xmax>34</xmax>
			<ymax>194</ymax>
		</bndbox>
	</object>
	<object>
		<name>GreenStrawberry</name>
		<pose>Unspecified</pose>
		<truncated>0</truncated>
		<difficult>0</difficult>
		<bndbox>
			<xmin>5</xmin>
			<ymin>186</ymin>
			<xmax>26</xmax>
			<ymax>211</ymax>
		</bndbox>
	</object>
	<object>
		<name>MatureStrawberry</name>
		<pose>Unspecified</pose>
		<truncated>1</truncated>
		<difficult>0</difficult>
		<bndbox>
			<xmin>1</xmin>
			<ymin>192</ymin>
			<xmax>34</xmax>
			<ymax>238</ymax>
		</bndbox>
	</object>
	<object>
		<name>GreenStrawberry</name>
		<pose>Unspecified</pose>
		<truncated>1</truncated>
		<difficult>0</difficult>
		<bndbox>
			<xmin>1</xmin>
			<ymin>235</ymin>
			<xmax>20</xmax>
			<ymax>256</ymax>
		</bndbox>
	</object>
</annotation>
