<annotation>
	<folder>color</folder>
	<filename>rgb-00376-16160407657689.jpeg</filename>
	<path>C:\Users\Shi\Documents\AnacondaProjects\depth-labelImg\data\color\rgb-00376-16160407657689.jpeg</path>
	<source>
		<database>Unknown</database>
	</source>
	<size>
		<width>640</width>
		<height>400</height>
		<depth>3</depth>
	</size>
	<segmented>0</segmented>
	<object>
		<name>GreenStrawberry</name>
		<pose>Unspecified</pose>
		<truncated>0</truncated>
		<difficult>0</difficult>
		<bndbox>
			<xmin>354</xmin>
			<ymin>17</ymin>
			<xmax>390</xmax>
			<ymax>70</ymax>
		</bndbox>
	</object>
	<object>
		<name>GreenStrawberry</name>
		<pose>Unspecified</pose>
		<truncated>0</truncated>
		<difficult>0</difficult>
		<bndbox>
			<xmin>330</xmin>
			<ymin>28</ymin>
			<xmax>360</xmax>
			<ymax>67</ymax>
		</bndbox>
	</object>
	<object>
		<name>GreenStrawberry</name>
		<pose>Unspecified</pose>
		<truncated>0</truncated>
		<difficult>0</difficult>
		<bndbox>
			<xmin>296</xmin>
			<ymin>50</ymin>
			<xmax>325</xmax>
			<ymax>79</ymax>
		</bndbox>
	</object>
	<object>
		<name>GreenStrawberry</name>
		<pose>Unspecified</pose>
		<truncated>0</truncated>
		<difficult>0</difficult>
		<bndbox>
			<xmin>569</xmin>
			<ymin>132</ymin>
			<xmax>619</xmax>
			<ymax>199</ymax>
		</bndbox>
	</object>
	<object>
		<name>GreenStrawberry</name>
		<pose>Unspecified</pose>
		<truncated>0</truncated>
		<difficult>0</difficult>
		<bndbox>
			<xmin>423</xmin>
			<ymin>236</ymin>
			<xmax>454</xmax>
			<ymax>278</ymax>
		</bndbox>
	</object>
	<object>
		<name>GreenStrawberry</name>
		<pose>Unspecified</pose>
		<truncated>0</truncated>
		<difficult>0</difficult>
		<bndbox>
			<xmin>437</xmin>
			<ymin>256</ymin>
			<xmax>455</xmax>
			<ymax>282</ymax>
		</bndbox>
	</object>
	<object>
		<name>MatureStrawberry</name>
		<pose>Unspecified</pose>
		<truncated>0</truncated>
		<difficult>0</difficult>
		<bndbox>
			<xmin>454</xmin>
			<ymin>228</ymin>
			<xmax>487</xmax>
			<ymax>274</ymax>
		</bndbox>
	</object>
	<object>
		<name>GreenStrawberry</name>
		<pose>Unspecified</pose>
		<truncated>0</truncated>
		<difficult>0</difficult>
		<bndbox>
			<xmin>334</xmin>
			<ymin>188</ymin>
			<xmax>358</xmax>
			<ymax>216</ymax>
		</bndbox>
	</object>
	<object>
		<name>MatureStrawberry</name>
		<pose>Unspecified</pose>
		<truncated>0</truncated>
		<difficult>0</difficult>
		<bndbox>
			<xmin>306</xmin>
			<ymin>166</ymin>
			<xmax>350</xmax>
			<ymax>221</ymax>
		</bndbox>
	</object>
	<object>
		<name>GreenStrawberry</name>
		<pose>Unspecified</pose>
		<truncated>0</truncated>
		<difficult>0</difficult>
		<bndbox>
			<xmin>293</xmin>
			<ymin>241</ymin>
			<xmax>321</xmax>
			<ymax>271</ymax>
		</bndbox>
	</object>
	<object>
		<name>GreenStrawberry</name>
		<pose>Unspecified</pose>
		<truncated>0</truncated>
		<difficult>0</difficult>
		<bndbox>
			<xmin>256</xmin>
			<ymin>198</ymin>
			<xmax>293</xmax>
			<ymax>248</ymax>
		</bndbox>
	</object>
	<object>
		<name>GreenStrawberry</name>
		<pose>Unspecified</pose>
		<truncated>0</truncated>
		<difficult>0</difficult>
		<bndbox>
			<xmin>243</xmin>
			<ymin>173</ymin>
			<xmax>265</xmax>
			<ymax>199</ymax>
		</bndbox>
	</object>
	<object>
		<name>GreenStrawberry</name>
		<pose>Unspecified</pose>
		<truncated>0</truncated>
		<difficult>0</difficult>
		<bndbox>
			<xmin>211</xmin>
			<ymin>165</ymin>
			<xmax>242</xmax>
			<ymax>201</ymax>
		</bndbox>
	</object>
	<object>
		<name>GreenStrawberry</name>
		<pose>Unspecified</pose>
		<truncated>0</truncated>
		<difficult>0</difficult>
		<bndbox>
			<xmin>187</xmin>
			<ymin>165</ymin>
			<xmax>214</xmax>
			<ymax>195</ymax>
		</bndbox>
	</object>
	<object>
		<name>MatureStrawberry</name>
		<pose>Unspecified</pose>
		<truncated>0</truncated>
		<difficult>0</difficult>
		<bndbox>
			<xmin>183</xmin>
			<ymin>88</ymin>
			<xmax>224</xmax>
			<ymax>160</ymax>
		</bndbox>
	</object>
	<object>
		<name>GreenStrawberry</name>
		<pose>Unspecified</pose>
		<truncated>0</truncated>
		<difficult>0</difficult>
		<bndbox>
			<xmin>78</xmin>
			<ymin>170</ymin>
			<xmax>101</xmax>
			<ymax>197</ymax>
		</bndbox>
	</object>
	<object>
		<name>MatureStrawberry</name>
		<pose>Unspecified</pose>
		<truncated>0</truncated>
		<difficult>0</difficult>
		<bndbox>
			<xmin>154</xmin>
			<ymin>187</ymin>
			<xmax>178</xmax>
			<ymax>228</ymax>
		</bndbox>
	</object>
	<object>
		<name>GreenStrawberry</name>
		<pose>Unspecified</pose>
		<truncated>0</truncated>
		<difficult>0</difficult>
		<bndbox>
			<xmin>11</xmin>
			<ymin>135</ymin>
			<xmax>35</xmax>
			<ymax>160</ymax>
		</bndbox>
	</object>
	<object>
		<name>GreenStrawberry</name>
		<pose>Unspecified</pose>
		<truncated>0</truncated>
		<difficult>0</difficult>
		<bndbox>
			<xmin>14</xmin>
			<ymin>199</ymin>
			<xmax>43</xmax>
			<ymax>234</ymax>
		</bndbox>
	</object>
	<object>
		<name>GreenStrawberry</name>
		<pose>Unspecified</pose>
		<truncated>0</truncated>
		<difficult>0</difficult>
		<bndbox>
			<xmin>20</xmin>
			<ymin>142</ymin>
			<xmax>49</xmax>
			<ymax>176</ymax>
		</bndbox>
	</object>
	<object>
		<name>GreenStrawberry</name>
		<pose>Unspecified</pose>
		<truncated>0</truncated>
		<difficult>0</difficult>
		<bndbox>
			<xmin>536</xmin>
			<ymin>74</ymin>
			<xmax>564</xmax>
			<ymax>112</ymax>
		</bndbox>
	</object>
</annotation>
